Player,Club,POS,GP,GS,MINS,GA,GAA,PKG/A,W,L,T,ShO,W%
William Hesmer,CLB,GK,29,29,2610,33,1.14,2/5,17,6,6,10,58.6
Jon Busch,CHI,GK,30,30,2700,33,1.1,0/1,13,10,7,10,43.3
Kevin Hartman,KC,GK,30,30,2700,39,1.3,3/3,11,10,9,10,36.7
Joe Cannon,SJ,GK,30,30,2700,38,1.27,3/5,8,13,9,9,26.7
Nick Rimando,RSL,GK,30,30,2700,39,1.3,4/4,10,10,10,8,33.3
Pat Onstad,HOU,GK,24,24,2098,24,1.0,0/1,10,4,9,7,41.7
Jon Conway,NY,GK,28,28,2520,42,1.5,2/3,9,10,9,7,32.1
Dario Sala,DAL,GK,28,28,2520,37,1.32,1/1,8,8,12,7,28.6
Greg Sutton,TOR,GK,24,24,2160,35,1.46,6/7,7,10,7,6,29.2
Matt Reis,NE,GK,28,28,2485,38,1.36,3/4,11,11,6,6,39.3
Bouna Coundoul,COL,GK,17,17,1530,21,1.24,3/3,6,8,3,5,35.3
Louis Crayton,DC,GK,12,12,1080,19,1.58,0/0,3,6,3,4,25.0
Brad Guzan,ATL,GK,15,15,1350,20,1.33,1/1,6,5,4,4,40.0
Tony Caig,HOU,GK,7,6,602,8,1.33,0/0,3,1,3,3,42.9
Dan Kennedy,CHV,GK,9,8,699,8,1.0,1/2,4,3,0,3,44.4
Preston Burpo,COL,GK,13,13,1170,24,1.85,1/2,5,6,2,3,38.5
Brian Edwards,TOR,GK,6,6,540,8,1.33,0/0,2,3,1,2,33.3
Steve Cronin,LA,GK,22,22,1935,44,2.0,3/3,6,9,6,2,27.3
Zach Thornton,CHV,GK,8,7,651,13,1.86,1/1,2,3,3,1,25.0
Zach Wells,DC,GK,17,17,1530,28,1.65,0/0,8,8,1,1,47.1
Kyle Reynish,RSL,GK,0,0,0,0,0.0,0/0,0,0,0,0,0.0
Chris Seitz,HOU,GK,0,0,0,0,0.0,0/0,0,0,0,0,0.0
Justin Hughes,COL,GK,0,0,0,0,0.0,0/0,0,0,0,0,0.0
Corbin Waller,HOU,GK,0,0,0,0,0.0,0/0,0,0,0,0,0.0
Charles Alamo,LA,GK,0,0,0,0,0.0,0/0,0,0,0,0,0.0
Vito Higgins,LA,GK,0,0,0,0,0.0,0/0,0,0,0,0,0.0
Kenny Schoeni,CLB,GK,0,0,0,0,0.0,0/0,0,0,0,0,0.0
David Monsalve,DAL,GK,0,0,0,0,0.0,0/0,0,0,0,0,0.0
Nick Noble,CHI,GK,0,0,0,0,0.0,0/0,0,0,0,0,0.0
Eric Kronberg,KC,GK,0,0,0,0,0.0,0/0,0,0,0,0,0.0
Boris Pardo,KC,GK,0,0,0,0,0.0,0/0,0,0,0,0,0.0
Brad Knighton,NE,GK,0,0,0,0,0.0,0/0,0,0,0,0,0.0
Mike Graczyk,COL,GK,0,0,0,0,0.0,0/0,0,0,0,0,0.0
Dan Benton,SJ,GK,0,0,0,0,0.0,0/0,0,0,0,0,0.0
James Thorpe,DC,GK,0,0,0,0,0.0,0/0,0,0,0,0,0.0
Michael Gustavson,SJ,GK,0,0,0,0,0.0,0/0,0,0,0,0,0.0
Caleb Patterson-Sewell,TOR,GK,0,0,0,0,0.0,0/0,0,0,0,0,0.0
Lance Parker,CHV,GK,0,0,0,0,0.0,0/0,0,0,0,0,0.0
Josh Lambo,DAL,GK,0,0,0,0,0.0,0/0,0,0,0,0,0.0
Terry Boss,NY,GK,0,0,0,0,0.0,0/0,0,0,0,0,0.0
Tyler Kettering,CHI,GK,0,0,0,0,0.0,0/0,0,0,0,0,0.0
Andrew Kartunen,KC,GK,0,0,0,0,0.0,0/0,0,0,0,0,0.0
Chris Sharpe,COL,GK,0,0,0,0,0.0,0/0,0,0,0,0,0.0
Jose Carvallo,DC,GK,1,1,90,4,4.0,0/0,0,1,0,0,0.0
Andy Gruenebaum,CLB,GK,1,1,90,3,3.0,0/0,0,1,0,0,0.0
Ray Burse,DAL,GK,2,2,180,4,2.0,1/1,0,2,0,0,0.0
Danny Cepero,NY,GK,2,2,180,6,3.0,0/0,1,1,0,0,50.0
Doug Warren,NE,GK,3,2,215,5,2.5,0/0,1,0,1,0,33.3
Josh Saunders,LA,GK,3,3,270,6,2.0,1/1,1,2,0,0,33.3
Josh Wicks,LA,GK,6,5,495,12,2.4,0/0,1,2,3,0,16.7
Stats Unavailable,nan,nan,nan,nan,nan,nan,nan,nan,nan,nan,nan,nan,nan
